epoch,train_f_loss,retain_loss,forget_acc,retain_acc,reg_loss
1,6.1389658579887065,1.1623491921424867,1.3,68.27499999999999,5.905968826899378
2,1.1946280593940302,1.2610070304870606,2.6,68.075,6.5912507780378595
3,1.0425607531250554,1.3378701190948485,2.5,67.45,6.411738646682943
4,1.0136046436294555,1.39311660861969,2.4,67.0,6.269627681543182
