epoch,train_f_loss,retain_loss,forget_acc,retain_acc,reg_loss
1,5.0811593147334255,1.3117931413650512,15.201754048544064,67.45,10.856939572583997
2,0.4221815415981729,1.8754575576782226,0.0,68.10000000000001,16.87080324261529
3,0.23212979116735402,2.331886449813843,0.0,67.25,19.297217318125494
4,0.18478055444376631,2.673717586517334,0.0,65.9,21.00340992555979
5,0.1522964232786759,2.957157918930054,0.0,64.97500000000001,22.59452552346398
6,0.12333193779978728,3.1603304557800294,0.003846597684348194,64.425,24.15215721707044
