epoch,train_f_loss,retain_loss,forget_acc,retain_acc,reg_loss
1,0.35922410493046614,4.452101631164551,0.0,1.95,0.07297526970439798
2,0.12476400898009092,4.481654758453369,0.0,0.675,0.006548168098818183
